{
  "sharpe_diff": 0.00739191890928792,
  "cagr_diff": 0.0010855289183884231,
  "vol_diff": 0.00017973495081952118,
  "maxdd_diff": 0.0014503887800204618,
  "hitrate_diff": 0.002195389681668547
}