,AnnRet,AnnVol,Sharpe
VX_SPREAD_VX3_VX2_SHORT,0.08842517761257651,0.10194387671017707,0.8673907689813116
