{
  "baseline_crisis": {
    "2020_Q1": {
      "CAGR": -0.041010962558133635,
      "Vol": 0.07774427524912453,
      "Sharpe": -0.5000585462926227,
      "MaxDD": -0.04441848871710696,
      "HitRate": 0.06493506493506493,
      "n_days": 77,
      "years": 0.3055555555555556
    },
    "2020_Q2": {
      "CAGR": 0.32311409740516117,
      "Vol": 0.1350964744691597,
      "Sharpe": 1.971752616158063,
      "MaxDD": -0.053943689104087866,
      "HitRate": 0.6153846153846154,
      "n_days": 78,
      "years": 0.30952380952380953
    },
    "2022": {
      "CAGR": -0.04607695308143844,
      "Vol": 0.156445820471398,
      "Sharpe": -0.22757019358973635,
      "MaxDD": -0.1599828115224774,
      "HitRate": 0.4694533762057878,
      "n_days": 311,
      "years": 1.2341269841269842
    }
  },
  "variant_crisis": {
    "2020_Q1": {
      "CAGR": -0.04099171068169316,
      "Vol": 0.07783334070909795,
      "Sharpe": -0.4991403662560546,
      "MaxDD": -0.044460970598756866,
      "HitRate": 0.06493506493506493,
      "n_days": 77,
      "years": 0.3055555555555556
    },
    "2020_Q2": {
      "CAGR": 0.324302979903466,
      "Vol": 0.13528615405701142,
      "Sharpe": 1.9756034017623516,
      "MaxDD": -0.05393872454734616,
      "HitRate": 0.6153846153846154,
      "n_days": 78,
      "years": 0.30952380952380953
    },
    "2022": {
      "CAGR": -0.04578053357790901,
      "Vol": 0.15652477352310218,
      "Sharpe": -0.22540599212322782,
      "MaxDD": -0.1599989514920841,
      "HitRate": 0.4694533762057878,
      "n_days": 311,
      "years": 1.2341269841269842
    }
  }
}