{
  "sharpe_diff": 0.0023837532382249282,
  "cagr_diff": 0.00035186279673893317,
  "vol_diff": 5.91752974148374e-05,
  "maxdd_diff": 0.0004720993419224939,
  "hitrate_diff": -0.0005488474204171645
}