,AnnRet,AnnVol,Sharpe
SR3_SPREAD_R2_R1,-0.0344631262575521,2.5220328249650987,-0.013664820662288177
