,AnnRet,AnnVol,Sharpe
SR3_SPREAD_R2_R1,0.000728481984503297,0.004511915578018291,0.16145736149240153
