{
  "sharpe_diff": 0.00023880195419123673,
  "cagr_diff": -0.0036904130299795224,
  "vol_diff": -0.006639348106988269,
  "maxdd_diff": 0.007988145084510623,
  "hitrate_diff": 0.020648967551622488
}