CAGR,Vol,Sharpe,MaxDD,HitRate,n_days,years
0.4741434512657736,0.4049167981686793,1.1735096556645819,-0.4903473011281887,0.4653846153846154,1040,4.126984126984127
