CAGR,Vol,Sharpe,MaxDD,HitRate,n_days,years
0.028726054453736216,0.03821231748917614,0.7600825980288132,-0.04962109011213145,0.4793536804308797,1114,4.420634920634921
