cagr,vol,sharpe,maxdd,hit_rate,n_days,years
-0.009496602113624242,0.041483784170090646,-0.22892323599714387,-0.12991545148361563,0.20808482438701126,1509,5.988095238095238
