CAGR,Vol,Sharpe,MaxDD,HitRate,n_days,years
0.012756417925052554,0.06865469543397704,0.2189043681171728,-0.16870049860247305,0.5362239297475302,1822,7.23015873015873
