CAGR,Vol,Sharpe,MaxDD,HitRate,n_days,years
0.08268219215302897,0.3278765123748825,0.40454346198084945,-0.33310913320074953,0.48173076923076924,1040,4.126984126984127
