{
  "run_id": "carry_eq_trend_plus_carry_20200106_20251031_20260213_145229",
  "cagr": 0.015314483899389497,
  "vol": 0.09122248417658378,
  "sharpe": 0.17998279605416914,
  "maxdd": -0.17008874772250607,
  "cum_return": null,
  "turnover": null,
  "hit_rate": 0.5099228224917309
}