{
  "run_id": "carry_int_v1stack_no_vrp_plus_carry_20200106_20251031_20260213_150500",
  "cagr": 0.031183556540767654,
  "vol": 0.08465252657717216,
  "sharpe": 0.33491426728606777,
  "maxdd": -0.11715444577494065,
  "cum_return": null,
  "turnover": null,
  "hit_rate": 0.5126791620727673
}