{
  "run_id": "phase1_reconfirm_csmom_meta_simplepnl_20200106_20251031_20260214_074625",
  "gross_exposure_avg": 2.0344097487134674,
  "gross_exposure_median": 1.9815487829473737,
  "gross_exposure_max": 4.0,
  "gross_exposure_p95": 2.8324083346006566,
  "scaling_factor_avg": 2.0344097487134674,
  "target_vol": 0.2,
  "realized_vol": 0.12476874482342006,
  "leverage_cap": 7.0
}