{
  "run_id": "phase1_reconfirm_csmom_meta_simplepnl_20200106_20251031_20260214_074625",
  "enabled_sleeves": [
    "csmom_meta"
  ],
  "weights": {
    "csmom_meta": 1.0
  },
  "target_vol": 0.2,
  "realized_vol": 0.12476874482342006,
  "gross_exposure_avg": 2.0344097487134674,
  "gross_exposure_p95": 2.8324083346006566,
  "gross_exposure_max": 4.0,
  "leverage_cap": 7.0,
  "sharpe": 0.8263167704286819,
  "cagr": 0.12554429510090426,
  "maxdd": -0.20708546409946357,
  "vol": 0.12476874482342006,
  "attribution_status": "PASS",
  "attribution_residual": 2.7755575615628914e-17,
  "return_definition": "simple",
  "weight_timing": "lag1",
  "annualization_basis": 252,
  "legacy_pnl": false
}