{
  "run_id": "phase1_reconfirm_csmom_meta_simplepnl_20200106_20251031_20260214_074625",
  "consistency_check": {
    "passed": true,
    "tolerance": 1e-08,
    "max_abs_daily_residual": 2.7755575615628914e-17,
    "cum_residual": 1.0933649513924278e-16
  },
  "residual_value": 2.7755575615628914e-17,
  "status": "PASS",
  "tolerance_thresholds": {
    "pass": 1e-05,
    "warn": 0.0001
  },
  "atomic_summary": {
    "csmom_meta": {
      "cum_return": 0.7421455967424282,
      "mean_daily_contrib": 0.0004088956455881147,
      "mean_abs_daily_contrib": 0.0047267289826263045,
      "vol_of_contrib": 0.007857531319113013,
      "max_dd_of_contrib": -0.22364425568933863,
      "hit_rate": 0.5309050772626932,
      "active_days": 1815,
      "no_signal_days": 0
    }
  },
  "metasleeve_summary": [
    {
      "metasleeve": "csmom_meta",
      "cum_return": 0.7421455967424284
    }
  ],
  "correlation_matrix_path": "sleeve_contribution_correlation.csv"
}