{
  "run_id": "trend_only_ewma_20200106_20251031_20260213_212931",
  "cagr": 0.008324721411278047,
  "vol": 0.08942035713470076,
  "sharpe": 0.11948062045335528,
  "maxdd": -0.1904379218279571,
  "cum_return": null,
  "turnover": null,
  "hit_rate": 0.5099228224917309
}