{
  "run_id": "trend_only_20200106_20251031_20260214_120000",
  "enabled_sleeves": [
    "tsmom_multihorizon"
  ],
  "weights": {
    "tsmom_multihorizon": 1.0
  },
  "target_vol": 0.2,
  "realized_vol": 0.09125577929977878,
  "gross_exposure_avg": 2.4198320215507074,
  "gross_exposure_p95": 3.541721543797947,
  "gross_exposure_max": 4.0,
  "leverage_cap": 7.0,
  "sharpe": 0.18067796180796378,
  "cagr": 0.015398151640749091,
  "maxdd": -0.17035230574743834,
  "vol": 0.09125577929977878,
  "attribution_status": "PASS",
  "attribution_residual": 6.938893903907228e-18
}