{
  "run_id": "trend_only_ewma_20200106_20251031_20260213_212931",
  "consistency_check": {
    "passed": true,
    "tolerance": 1e-08,
    "max_abs_daily_residual": 1.0408340855860843e-17,
    "cum_residual": 1.2836784315638922e-17
  },
  "residual_value": 1.0408340855860843e-17,
  "status": "PASS",
  "tolerance_thresholds": {
    "pass": 1e-05,
    "warn": 0.0001
  },
  "atomic_summary": {
    "tsmom_multihorizon": {
      "cum_return": 0.07690730661287115,
      "mean_daily_contrib": 4.237317168753232e-05,
      "mean_abs_daily_contrib": 0.0037758392903614823,
      "vol_of_contrib": 0.005631348194309189,
      "max_dd_of_contrib": -0.19564811650055147,
      "hit_rate": 0.5102040816326531,
      "active_days": 1815,
      "no_signal_days": 0
    }
  },
  "metasleeve_summary": [
    {
      "metasleeve": "tsmom_multihorizon",
      "cum_return": 0.0769073066128711
    }
  ],
  "correlation_matrix_path": "sleeve_contribution_correlation.csv"
}