{
  "run_id": "trend_only_20200106_20251031_20260214_120000",
  "cagr": 0.015398151640749091,
  "vol": 0.09125577929977878,
  "sharpe": 0.18067796180796378,
  "maxdd": -0.17035230574743834,
  "cum_return": null,
  "turnover": null,
  "hit_rate": 0.5088202866593164
}