{
  "run_id": "trend_only_20200106_20251031_20260214_120000",
  "gross_exposure_avg": 2.4198320215507074,
  "gross_exposure_median": 2.3675152951525784,
  "gross_exposure_max": 4.0,
  "gross_exposure_p95": 3.541721543797947,
  "scaling_factor_avg": 2.4198320215507074,
  "target_vol": 0.2,
  "realized_vol": 0.09125577929977878,
  "leverage_cap": 7.0
}