{
  "run_id": "trend_only_20200106_20251031_20260214_120000",
  "consistency_check": {
    "passed": true,
    "tolerance": 1e-08,
    "max_abs_daily_residual": 6.938893903907228e-18,
    "cum_residual": 6.83394652174242e-17
  },
  "residual_value": 6.938893903907228e-18,
  "status": "PASS",
  "tolerance_thresholds": {
    "pass": 1e-05,
    "warn": 0.0001
  },
  "atomic_summary": {
    "tsmom_multihorizon": {
      "cum_return": 0.11868623493912955,
      "mean_daily_contrib": 6.539186498023667e-05,
      "mean_abs_daily_contrib": 0.0038949033395236326,
      "vol_of_contrib": 0.00574693821528326,
      "max_dd_of_contrib": -0.17667939156259638,
      "hit_rate": 0.5091009376723662,
      "active_days": 1815,
      "no_signal_days": 0
    }
  },
  "metasleeve_summary": [
    {
      "metasleeve": "tsmom_multihorizon",
      "cum_return": 0.1186862349391295
    }
  ],
  "correlation_matrix_path": "sleeve_contribution_correlation.csv"
}