{
  "run_id": "v1_frozen_baseline_20200106_20251031_20260213_190700",
  "cagr": 0.04053956180574225,
  "vol": 0.07603160856756705,
  "sharpe": 0.45964611217139034,
  "maxdd": -0.10218553211846881,
  "cum_return": null,
  "turnover": null,
  "hit_rate": 0.5214994487320838
}