{
  "run_id": "v1_frozen_baseline_20200106_20251031_20260213_190700",
  "consistency_check": {
    "passed": false,
    "tolerance": 1e-08,
    "max_abs_daily_residual": 5.253297682222387e-06,
    "cum_residual": 5.253297682065568e-06
  },
  "atomic_summary": {
    "csmom_meta": {
      "cum_return": 0.006786821510359807,
      "mean_daily_contrib": 3.739295597994384e-06,
      "mean_abs_daily_contrib": 7.317316080921304e-05,
      "vol_of_contrib": 0.0004560369316817839,
      "max_dd_of_contrib": -0.01188166081951384,
      "hit_rate": 0.5140650854936569,
      "active_days": 1815,
      "no_signal_days": 0
    },
    "sr3_curve_rv_meta": {
      "cum_return": -0.01818818274995487,
      "mean_daily_contrib": -1.0021037327798826e-05,
      "mean_abs_daily_contrib": 0.00014903832708240518,
      "vol_of_contrib": 0.0006102254639156978,
      "max_dd_of_contrib": -0.04041400470583309,
      "hit_rate": 0.5154577883472057,
      "active_days": 1683,
      "no_signal_days": 132
    },
    "tsmom_multihorizon": {
      "cum_return": 0.2186077876077515,
      "mean_daily_contrib": 0.0001204450620428383,
      "mean_abs_daily_contrib": 0.003355684635884405,
      "vol_of_contrib": 0.005078512314804743,
      "max_dd_of_contrib": -0.11577698923504283,
      "hit_rate": 0.5140650854936569,
      "active_days": 1815,
      "no_signal_days": 0
    },
    "vx_calendar_carry": {
      "cum_return": 0.0,
      "mean_daily_contrib": 0.0,
      "mean_abs_daily_contrib": 0.0,
      "vol_of_contrib": 0.0,
      "max_dd_of_contrib": 0.0,
      "hit_rate": 0.0,
      "active_days": 0,
      "no_signal_days": 1815
    }
  },
  "metasleeve_summary": [
    {
      "metasleeve": "csmom_meta",
      "cum_return": 0.0067868215103598
    },
    {
      "metasleeve": "sr3_curve_rv_meta",
      "cum_return": -0.0181881827499548
    },
    {
      "metasleeve": "tsmom_multihorizon",
      "cum_return": 0.218607787607751
    },
    {
      "metasleeve": "vx_calendar_carry",
      "cum_return": 0.0
    }
  ],
  "correlation_matrix_path": "sleeve_contribution_correlation.csv"
}