{
  "run_id": "v1_frozen_baseline_20200106_20251031_20260213_190700",
  "consistency_check": {
    "passed": "True",
    "tolerance": 1e-08,
    "max_abs_daily_residual": 1.3877787807814457e-17,
    "cum_residual": 4.147920342704309e-18
  },
  "residual_value": 1.3877787807814457e-17,
  "status": "PASS",
  "tolerance_thresholds": {
    "pass": 1e-05,
    "warn": 0.0001
  },
  "atomic_summary": {
    "tsmom_multihorizon": {
      "cum_return": -0.23555460103093914,
      "mean_daily_contrib": -0.00012949675702635466,
      "mean_abs_daily_contrib": 0.0038421565317699083,
      "vol_of_contrib": 0.010424485350839872,
      "max_dd_of_contrib": -0.40319697252263875,
      "hit_rate": 0.5132450331125827,
      "active_days": 1812,
      "no_signal_days": 7
    },
    "csmom_meta": {
      "cum_return": 0.08688234320474891,
      "mean_daily_contrib": 4.776379505483722e-05,
      "mean_abs_daily_contrib": 0.00030508334128051827,
      "vol_of_contrib": 0.0034114226304471397,
      "max_dd_of_contrib": -0.08122819103589406,
      "hit_rate": 0.5060706401766004,
      "active_days": 1812,
      "no_signal_days": 7
    },
    "sr3_curve_rv_meta": {
      "cum_return": 0.08186273425179805,
      "mean_daily_contrib": 4.500425192512262e-05,
      "mean_abs_daily_contrib": 0.00018813808642970852,
      "vol_of_contrib": 0.0020699685465114066,
      "max_dd_of_contrib": -0.049976851871999114,
      "hit_rate": 0.5265405735204393,
      "active_days": 1639,
      "no_signal_days": 180
    },
    "vx_calendar_carry": {
      "cum_return": 0.2740106966448666,
      "mean_daily_contrib": 0.00015063809601147148,
      "mean_abs_daily_contrib": 0.0002150150514167731,
      "vol_of_contrib": 0.005840774248591876,
      "max_dd_of_contrib": -0.017649062469169828,
      "hit_rate": 0.5219178082191781,
      "active_days": 1460,
      "no_signal_days": 359
    }
  },
  "metasleeve_summary": [
    {
      "metasleeve": "csmom_meta",
      "cum_return": 0.0868823432047488
    },
    {
      "metasleeve": "sr3_curve_rv_meta",
      "cum_return": 0.0818627342517981
    },
    {
      "metasleeve": "tsmom_multihorizon",
      "cum_return": -0.2355546010309389
    },
    {
      "metasleeve": "vx_calendar_carry",
      "cum_return": 0.2740106966448665
    }
  ],
  "correlation_matrix_path": "sleeve_contribution_correlation.csv"
}