{
  "run_id": "vrp_vxlegs_canonical",
  "cagr": -0.008066624935545996,
  "vol": 0.1297814831522906,
  "sharpe": 0.01419711132540036,
  "maxdd": -0.22192930049383874,
  "cum_return": null,
  "turnover": null,
  "hit_rate": 0.4936960849369608
}