,asset,CAGR,Vol,Sharpe,HitRate,n_days
0,rank_fly,-0.01486555956077551,0.018393430111542253,-0.8142425972774678,0.4682899207248018,1766
