CAGR,Vol,Sharpe,MaxDD,HitRate,n_days,years
0.024238853625954127,0.1474743889825333,0.23603577923211336,-0.3025909840141755,0.5208562019758507,1822,7.23015873015873
