cagr,vol,sharpe,maxdd,hit_rate,n_days,years
-0.005414553147524259,0.03988186137764391,-0.13576480536486268,-0.11584456682235933,0.21206096752816433,1509,5.988095238095238
