,asset,CAGR,Vol,Sharpe,HitRate,n_days
0,pack_slope_spread,0.9393375809951872,2.043837185054439,0.3244963306117058,0.5048213272830403,1763
