,AnnRet,AnnVol,Sharpe
VX_SPREAD_VX2_VX1_SHORT,0.38632856926053893,0.3660273108514163,1.055463780453704
