,AnnRet,AnnVol,Sharpe
SR3_SPREAD_R2_R1,-0.001547309402377489,0.004523674919070398,-0.34204699277892775
