horizon,lookback,cagr,vol,sharpe,maxdd,hit_rate,n_days,years
single,252,0.04826333101570435,0.057113725172662715,0.8771795906511967,-0.0419566946105937,0.5390946502057613,486,1.9285714285714286
