{
  "sharpe_diff": 0.0022042146691216846,
  "cagr_diff": 0.00032482130996491776,
  "vol_diff": 5.4359299183986964e-05,
  "maxdd_diff": 0.00043505470107396693,
  "hitrate_diff": -0.0005488474204171645
}