,asset,CAGR,Vol,Sharpe,HitRate,n_days
0,pack_slope_spread,0.005562258478390536,0.0130790166364951,0.4241073656210025,0.503945885005637,1774
