,AnnRet,AnnVol,Sharpe
SR3_SPREAD_R2_R1,-0.0016037440956806102,0.004520320479407232,-0.354785485451004
