,asset,CAGR,Vol,Sharpe,HitRate,n_days
0,pack_curvature_fly,-0.0029052559468676353,0.0056964503177975604,-0.5107509829184882,0.486562150055991,1786
