CAGR,Vol,Sharpe,MaxDD,HitRate,n_days,years
-0.010877078329889822,0.045239494975265596,-0.21895172756018627,-0.14950071528327735,0.46404744255003705,1349,5.353174603174603
