,asset,CAGR,Vol,Sharpe,HitRate,n_days
0,rank_fly,0.015088975538561478,0.018393430111542253,0.8142425972774678,0.5005662514156285,1766
