CAGR,Vol,Sharpe,MaxDD,HitRate,n_days,years
0.01829667348954067,0.020053336916004232,0.9142105659403458,-0.020135655689578646,0.296229802513465,1114,4.420634920634921
