,asset,CAGR,Vol,Sharpe,HitRate,n_days
0,pack_curvature_fly,-0.27956673434566837,1.852787845767201,-0.17686280160577303,0.5019897669130188,1759
