,asset,CAGR,Vol,Sharpe,HitRate,n_days
0,pack_curvature_fly,0.002913687363158557,0.0056964503177975604,0.5107509829184882,0.5061590145576708,1786
