{
  "baseline": {
    "profile": "core_v8_trend_csmom_vrp_core_convergence_vrp_alt_vx_carry_no_macro",
    "run_id": "core_v8_phase2_20251217_145232",
    "stats": {
      "cagr": 0.06808060639454627,
      "vol": 0.12701107062125164,
      "sharpe": 0.5820206720479744,
      "max_drawdown": -0.17130795986411257,
      "hit_rate": 0.5054884742041712,
      "n_days": 1822
    },
    "crisis_periods": {
      "COVID-19": {
        "cagr": 0.08155235925650772,
        "vol": 0.10728029056449206,
        "sharpe": 0.7840349757984533,
        "max_drawdown": -0.044460970598756866,
        "hit_rate": 0.2987012987012987,
        "n_days": 77
      },
      "2022 Rate Hikes": {
        "cagr": -0.045780533577909344,
        "vol": 0.15652477352310223,
        "sharpe": -0.22540599212322718,
        "max_drawdown": -0.15999895149208404,
        "hit_rate": 0.4694533762057878,
        "n_days": 311
      },
      "2023 Banking Crisis": {
        "cagr": -0.11486265751460834,
        "vol": 0.20150101152401265,
        "sharpe": -0.5214535531396788,
        "max_drawdown": -0.11969043036786424,
        "hit_rate": 0.5189873417721519,
        "n_days": 79
      }
    }
  },
  "variant": {
    "profile": "core_v9_trend_csmom_vrp_core_convergence_vrp_alt_vx_carry_sr3_curverv_rankfly_no_macro",
    "run_id": "core_v9_rankfly_phase2_20251217_145301",
    "stats": {
      "cagr": 0.0727848943686118,
      "vol": 0.1208630053874904,
      "sharpe": 0.6417044451172065,
      "max_drawdown": -0.1621478325312175,
      "hit_rate": 0.5109769484083425,
      "n_days": 1822
    },
    "crisis_periods": {
      "COVID-19": {
        "cagr": 0.07978734781165797,
        "vol": 0.10204449559806128,
        "sharpe": 0.8029207118747307,
        "max_drawdown": -0.04226193280526447,
        "hit_rate": 0.2987012987012987,
        "n_days": 77
      },
      "2022 Rate Hikes": {
        "cagr": -0.038395156512444295,
        "vol": 0.1487238208470773,
        "sharpe": -0.19528791774996485,
        "max_drawdown": -0.14858081848787702,
        "hit_rate": 0.4565916398713826,
        "n_days": 311
      },
      "2023 Banking Crisis": {
        "cagr": -0.09443467161279362,
        "vol": 0.1915953320727803,
        "sharpe": -0.43846661366607775,
        "max_drawdown": -0.1110466806231801,
        "hit_rate": 0.5189873417721519,
        "n_days": 79
      }
    }
  },
  "comparison": {
    "correlation": 0.9986589949151551,
    "sharpe_diff": 0.059683773069232116,
    "cagr_diff": 0.004704287974065524,
    "maxdd_diff": 0.009160127332895063,
    "pass_criteria": {
      "sharpe_pass": true,
      "maxdd_pass": true,
      "overall_pass": true
    }
  },
  "date_range": {
    "start": "2020-01-01",
    "end": "2025-10-31",
    "effective_start": "2020-01-02",
    "effective_end": "2025-10-31",
    "n_days": 1822
  }
}