,AnnRet,AnnVol,Sharpe
VX_SPREAD_VX2_VX1_SHORT,0.09696107515319399,0.11092341719056299,0.8741262900927211
