,AnnRet,AnnVol,Sharpe
SR3_SPREAD_R2_R1,-0.012085765087512905,0.0772467841016649,-0.1564565467425384
