CAGR,Vol,Sharpe,MaxDD,HitRate,n_days,years
0.0033293099132161164,0.012748038374723018,0.26710782338406946,-0.02078263871106034,0.2861378799110452,1349,5.353174603174603
