cagr,vol,sharpe,maxdd,hit_rate,n_days,years
0.008285864951274924,0.03849689506382307,0.2152346296380004,-0.05808071071737196,0.22001325381047052,1509,5.988095238095238
