{
  "sharpe_diff": 0.03326769300406751,
  "cagr_diff": 0.0008579022512473777,
  "vol_diff": -0.006868317299029897,
  "maxdd_diff": 0.009586588623115344,
  "hitrate_diff": 0.012907608695652106
}