{
  "sharpe_diff": 0.03769840313780448,
  "cagr_diff": 0.001353509367134187,
  "vol_diff": -0.007093750197096765,
  "maxdd_diff": 0.010170584297454988,
  "hitrate_diff": 0.014266304347826053
}