horizon,lookback,cagr,vol,sharpe,maxdd,hit_rate,n_days,years
single,252,0.035549632747123416,0.05752574267255727,0.7093523531970171,-0.04195669461059326,0.5315904139433552,459,1.8214285714285714
