,asset,CAGR,Vol,Sharpe,HitRate,n_days
0,rank_fly,3.5483374847910296,6.142935528832545,0.24732857644908474,0.5148063781321185,1756
