,AnnRet,AnnVol,Sharpe
SR3_SPREAD_R2_R1,-2.5108493842495467,3.0253478447380893,-0.8299374197967362
