,asset,CAGR,Vol,Sharpe,HitRate,n_days
0,pack_slope_spread,-0.005531612316856727,0.0130790166364951,-0.4241073656210025,0.4859075535512965,1774
